,precision,recall,f1-score,support
0,0.9611650485436893,0.99,0.9753694581280788,100.0
1,0.9081632653061225,0.89,0.898989898989899,100.0
2,0.8888888888888888,0.88,0.8844221105527639,100.0
3,0.96,0.96,0.96,100.0
accuracy,0.93,0.93,0.93,0.93
macro avg,0.9295543006846751,0.9299999999999999,0.9296953669176855,400.0
weighted avg,0.929554300684675,0.93,0.9296953669176854,400.0
